subject_id,record_ids,pid,method,n_blocks,prd_mean,prd_std,prdc_mean,prdc_std,snrc_mean,snrc_std,n_hr_eval_intersection,mae_hr_intersection,n_hr_eval_indiv,mae_hr_indiv,hr_coverage_pct,dr_hr,n_rr_eval_intersection,mae_rr_intersection,n_rr_eval_indiv,mae_rr_indiv,rr_coverage_pct,dr_rr
s04641,11,11,Uncompressed,56,0.0000,0.0000,0.0000,0.0000,inf,nan,56,1.24,56,1.24,100.0,0.00,1,8.41,5,3.25,38.5,0.00
s06914,12,12,Uncompressed,56,0.0000,0.0000,0.0000,0.0000,inf,nan,56,0.96,56,0.96,100.0,0.00,2,0.91,3,0.75,23.1,0.00
s09968,19,19,Uncompressed,56,0.0000,0.0000,0.0000,0.0000,inf,nan,56,1.49,56,1.49,100.0,0.00,3,2.71,6,1.56,60.0,0.00
s11342,"20,21,22,23",20,Uncompressed,224,0.0000,0.0000,0.0000,0.0000,inf,nan,224,1.39,224,1.39,100.0,0.00,6,5.48,21,5.95,38.2,0.00
s17735,31,31,Uncompressed,56,0.0000,0.0000,0.0000,0.0000,inf,nan,56,0.40,56,0.40,100.0,0.00,1,12.09,2,6.39,14.3,0.00
s24455,37,37,Uncompressed,56,0.0000,0.0000,0.0000,0.0000,inf,nan,56,0.72,56,0.72,100.0,0.00,3,6.60,3,6.60,21.4,0.00
s29093,42,42,Uncompressed,56,0.0000,0.0000,0.0000,0.0000,inf,nan,56,0.47,56,0.47,100.0,0.00,13,0.18,14,0.17,100.0,0.00
s29125,43,43,Uncompressed,56,0.0000,0.0000,0.0000,0.0000,inf,nan,56,2.02,56,2.02,100.0,0.00,9,10.80,10,10.54,71.4,0.00
s29622,45,45,Uncompressed,56,0.0000,0.0000,0.0000,0.0000,inf,nan,56,6.27,56,6.27,100.0,0.00,7,9.51,10,8.82,71.4,0.00
s30243,48,48,Uncompressed,56,0.0000,0.0000,0.0000,0.0000,inf,nan,56,2.27,56,2.27,100.0,0.00,3,10.12,12,6.19,92.3,0.00
s04641,11,11,DCT-1D (8x),56,1.9585,0.3601,1.9669,0.3623,34.2682,1.5714,56,1.23,56,1.23,100.0,0.22,1,8.32,4,3.58,30.8,0.09
s06914,12,12,DCT-1D (8x),56,4.7794,0.8515,4.7880,0.8524,26.5436,1.6232,56,0.91,56,0.91,100.0,0.53,2,0.76,2,0.76,15.4,0.18
s09968,19,19,DCT-1D (8x),56,2.4064,0.2930,2.4236,0.2947,32.3769,1.0820,56,1.66,56,1.66,100.0,0.57,3,2.90,5,1.88,50.0,0.22
s11342,"20,21,22,23",20,DCT-1D (8x),224,3.0346,0.7458,3.0410,0.7480,30.5733,1.9750,224,1.37,224,1.37,100.0,0.26,6,5.50,24,7.39,43.6,0.06
s17735,31,31,DCT-1D (8x),56,1.5104,0.3959,1.5112,0.3962,36.6555,1.9544,56,0.41,56,0.41,100.0,0.14,1,12.11,2,6.50,14.3,0.02
s24455,37,37,DCT-1D (8x),56,2.6382,0.3799,2.6447,0.3833,31.6431,1.2537,56,0.75,56,0.75,100.0,0.30,3,6.70,3,6.70,21.4,0.14
s29093,42,42,DCT-1D (8x),56,2.3576,0.3793,2.3582,0.3796,32.6502,1.2963,56,0.50,56,0.50,100.0,0.09,13,0.18,13,0.18,92.9,0.06
s29125,43,43,DCT-1D (8x),56,4.0222,0.7842,4.0413,0.7947,28.0413,1.7460,56,2.05,56,2.05,100.0,0.32,9,10.78,10,10.52,71.4,0.03
s29622,45,45,DCT-1D (8x),56,1.3086,0.2915,1.3109,0.2925,37.8316,1.7166,56,6.15,56,6.15,100.0,0.52,7,9.51,10,8.83,71.4,0.00
s30243,48,48,DCT-1D (8x),56,4.3750,0.8295,4.3895,0.8339,27.2787,1.4133,56,8.48,56,8.48,100.0,6.63,3,10.15,9,5.40,69.2,0.03
s04641,11,11,DCT-1D (16x),56,20.7444,6.4516,20.8257,6.4598,13.9406,2.1755,56,14.48,56,14.48,100.0,14.46,1,8.57,5,2.68,38.5,0.16
s06914,12,12,DCT-1D (16x),56,20.7677,5.5900,20.8031,5.5852,13.8880,1.9732,56,0.88,56,0.88,100.0,0.64,2,0.44,7,0.36,53.8,0.73
s09968,19,19,DCT-1D (16x),56,11.1637,1.5241,11.2408,1.5095,19.0674,1.2257,56,1.85,56,1.85,100.0,0.73,3,3.93,7,2.04,70.0,1.25
s11342,"20,21,22,23",20,DCT-1D (16x),224,20.4229,7.1104,20.4635,7.1207,14.2595,2.8334,224,1.47,224,1.47,100.0,0.44,6,5.50,27,7.75,49.1,0.07
s17735,31,31,DCT-1D (16x),56,10.6237,0.6615,10.6288,0.6623,19.4871,0.5387,56,0.41,56,0.41,100.0,0.29,1,12.09,2,6.59,14.3,0.00
s24455,37,37,DCT-1D (16x),56,11.7382,1.4919,11.7665,1.5020,18.6505,1.0261,56,0.71,56,0.71,100.0,0.31,3,6.35,4,4.90,28.6,0.24
s29093,42,42,DCT-1D (16x),56,16.2143,0.5622,16.2177,0.5627,15.8054,0.2997,56,0.53,56,0.53,100.0,0.19,13,0.17,14,0.16,100.0,0.08
s29125,43,43,DCT-1D (16x),56,23.2256,4.6026,23.3335,4.6518,12.7813,1.4927,56,1.95,56,1.95,100.0,0.59,9,10.82,10,10.09,71.4,0.15
s29622,45,45,DCT-1D (16x),56,13.2352,1.0569,13.2578,1.0579,17.5788,0.7048,56,6.61,56,6.61,100.0,1.52,7,9.53,9,8.78,64.3,0.03
s30243,48,48,DCT-1D (16x),56,52.3689,9.7764,52.5027,9.6705,5.7973,2.0313,56,2.90,56,2.90,100.0,2.70,3,9.81,5,7.98,38.5,0.31
s04641,11,11,Autoencoder-MSE (8x),56,1.7879,0.3724,1.7960,0.3775,35.1020,1.8044,56,1.10,56,1.10,100.0,0.30,1,8.31,5,3.18,38.5,0.10
s06914,12,12,Autoencoder-MSE (8x),56,2.6013,0.5341,2.6070,0.5416,31.8636,1.8051,56,0.99,56,0.99,100.0,0.57,2,0.89,3,0.71,23.1,0.07
s09968,19,19,Autoencoder-MSE (8x),56,2.5839,0.2354,2.6026,0.2392,31.7307,0.8319,56,1.63,56,1.63,100.0,0.64,3,2.91,5,1.92,50.0,0.20
s11342,"20,21,22,23",20,Autoencoder-MSE (8x),224,2.0798,0.6219,2.0849,0.6273,33.9580,2.3810,224,1.39,224,1.39,100.0,0.31,6,5.48,21,6.94,38.2,0.01
s17735,31,31,Autoencoder-MSE (8x),56,1.4033,0.1840,1.4039,0.1842,37.1217,1.0722,56,0.43,56,0.43,100.0,0.22,1,12.11,2,6.42,14.3,0.02
s24455,37,37,Autoencoder-MSE (8x),56,1.5826,0.3608,1.5865,0.3629,36.1562,1.5805,56,0.75,56,0.75,100.0,0.28,3,6.70,3,6.70,21.4,0.12
s29093,42,42,Autoencoder-MSE (8x),56,1.2160,0.1534,1.2163,0.1535,38.3673,1.0870,56,0.53,56,0.53,100.0,0.22,13,0.19,13,0.19,92.9,0.03
s29125,43,43,Autoencoder-MSE (8x),56,1.9824,0.4084,1.9918,0.4134,34.1888,1.7075,56,1.91,56,1.91,100.0,0.29,9,10.81,10,10.54,71.4,0.02
s29622,45,45,Autoencoder-MSE (8x),56,1.3016,0.1622,1.3037,0.1620,37.7607,1.0501,56,6.17,56,6.17,100.0,0.68,7,9.48,10,8.80,71.4,0.03
s30243,48,48,Autoencoder-MSE (8x),56,2.7020,0.7851,2.7120,0.7958,31.6211,2.1046,56,2.46,56,2.46,100.0,0.48,3,10.13,10,5.71,76.9,0.01
s04641,11,11,Autoencoder-MSE (16x),56,13.1153,5.2307,13.1755,5.2636,18.1770,3.0281,56,1.15,56,1.15,100.0,0.59,1,8.62,3,4.19,23.1,0.21
s06914,12,12,Autoencoder-MSE (16x),56,10.8097,3.0644,10.8333,3.0901,19.6025,2.1963,56,0.87,56,0.87,100.0,0.84,2,0.46,4,0.39,30.8,0.50
s09968,19,19,Autoencoder-MSE (16x),56,9.9106,1.0843,9.9831,1.1019,20.0659,0.9375,56,1.50,56,1.50,100.0,0.73,3,3.75,4,2.86,40.0,1.22
s11342,"20,21,22,23",20,Autoencoder-MSE (16x),224,14.6501,4.1525,14.6811,4.1632,16.9955,2.3775,224,3.16,224,3.16,100.0,2.36,6,5.52,25,6.36,45.5,0.06
s17735,31,31,Autoencoder-MSE (16x),56,7.6769,0.5493,7.6806,0.5501,22.3141,0.6159,56,0.48,56,0.48,100.0,0.33,1,12.16,3,4.63,21.4,0.07
s24455,37,37,Autoencoder-MSE (16x),56,9.5537,2.2589,9.5769,2.2691,20.5331,1.5047,56,0.89,56,0.89,100.0,0.46,3,6.40,6,5.27,42.9,0.21
s29093,42,42,Autoencoder-MSE (16x),56,6.9175,0.4333,6.9190,0.4339,23.2167,0.5554,56,0.66,56,0.66,100.0,0.38,13,0.32,14,0.31,100.0,0.20
s29125,43,43,Autoencoder-MSE (16x),56,11.7900,3.7472,11.8479,3.8045,18.8679,2.3003,56,2.08,56,2.08,100.0,0.69,9,10.57,10,10.37,71.4,0.38
s29622,45,45,Autoencoder-MSE (16x),56,10.0438,0.7612,10.0608,0.7603,19.9724,0.6614,56,6.47,56,6.47,100.0,1.40,7,9.45,7,9.45,50.0,0.12
s30243,48,48,Autoencoder-MSE (16x),56,29.3680,4.7361,29.4491,4.6785,10.7435,1.5265,56,3.12,56,3.12,100.0,2.14,3,9.88,11,5.67,84.6,0.24
s04641,11,11,De xuat Day du (8x),56,1.7368,0.4032,1.7448,0.4084,35.3941,1.9835,56,1.11,56,1.11,100.0,0.27,1,8.31,4,3.63,30.8,0.10
s06914,12,12,De xuat Day du (8x),56,2.5208,0.5415,2.5264,0.5496,32.1454,1.8285,56,0.99,56,0.99,100.0,0.52,2,0.92,3,0.73,23.1,0.04
s09968,19,19,De xuat Day du (8x),56,2.5040,0.2417,2.5222,0.2468,32.0082,0.8864,56,1.74,56,1.74,100.0,0.73,3,2.91,5,1.90,50.0,0.20
s11342,"20,21,22,23",20,De xuat Day du (8x),224,1.9175,0.6589,1.9223,0.6640,34.7680,2.7289,224,1.36,224,1.36,100.0,0.28,6,5.48,22,6.95,40.0,0.01
s17735,31,31,De xuat Day du (8x),56,1.3462,0.1844,1.3468,0.1846,37.4886,1.1198,56,0.42,56,0.42,100.0,0.16,1,12.07,2,6.42,14.3,0.03
s24455,37,37,De xuat Day du (8x),56,1.4479,0.3522,1.4515,0.3545,36.9630,1.7620,56,0.82,56,0.82,100.0,0.31,3,6.63,4,5.01,28.6,0.03
s29093,42,42,De xuat Day du (8x),56,1.0907,0.1494,1.0910,0.1495,39.3245,1.1808,56,0.47,56,0.47,100.0,0.19,13,0.19,13,0.19,92.9,0.04
s29125,43,43,De xuat Day du (8x),56,1.8893,0.4387,1.8984,0.4440,34.6528,1.9256,56,1.93,56,1.93,100.0,0.35,9,10.80,10,10.53,71.4,0.02
s29622,45,45,De xuat Day du (8x),56,1.1524,0.1555,1.1543,0.1552,38.8274,1.1196,56,6.26,56,6.26,100.0,0.56,7,9.50,10,8.81,71.4,0.01
s30243,48,48,De xuat Day du (8x),56,2.7486,0.7528,2.7587,0.7631,31.4360,1.9554,56,2.52,56,2.52,100.0,0.50,3,10.11,8,6.87,61.5,0.02
s04641,11,11,De xuat Day du (16x),56,12.7004,5.1264,12.7589,5.1608,18.4657,3.0507,56,1.13,56,1.13,100.0,0.56,1,8.30,3,4.03,23.1,0.11
s06914,12,12,De xuat Day du (16x),56,10.7348,3.1869,10.7584,3.2125,19.6964,2.3274,56,0.86,56,0.86,100.0,0.61,2,0.54,6,1.86,46.2,0.43
s09968,19,19,De xuat Day du (16x),56,9.8043,1.2005,9.8760,1.2176,20.1720,1.0426,56,1.66,56,1.66,100.0,0.97,3,3.70,4,2.88,40.0,1.28
s11342,"20,21,22,23",20,De xuat Day du (16x),224,14.9109,4.6732,14.9437,4.6895,16.9183,2.6432,224,4.12,224,4.12,100.0,3.32,6,5.46,25,5.45,45.5,0.09
s17735,31,31,De xuat Day du (16x),56,7.8008,0.4658,7.8045,0.4664,22.1685,0.5192,56,0.51,56,0.51,100.0,0.43,1,12.20,3,4.55,21.4,0.11
s24455,37,37,De xuat Day du (16x),56,9.2237,2.3632,9.2462,2.3739,20.8677,1.6486,56,0.69,56,0.69,100.0,0.33,3,6.44,4,5.22,28.6,0.21
s29093,42,42,De xuat Day du (16x),56,6.7315,0.2884,6.7329,0.2886,23.4439,0.3717,56,0.51,56,0.51,100.0,0.23,13,0.18,13,0.18,92.9,0.13
s29125,43,43,De xuat Day du (16x),56,11.6215,3.8967,11.6790,3.9535,19.0420,2.4837,56,1.97,56,1.97,100.0,0.60,9,10.75,10,10.55,71.4,0.20
s29622,45,45,De xuat Day du (16x),56,10.0424,0.8817,10.0595,0.8818,19.9835,0.7897,56,6.39,56,6.39,100.0,1.58,7,9.44,9,8.72,64.3,0.09
s30243,48,48,De xuat Day du (16x),56,28.8279,4.8878,28.9062,4.8305,10.9177,1.5999,56,2.51,56,2.51,100.0,1.45,3,10.03,9,5.72,69.2,0.10
s04641,11,11,Boc tach B: Pho deu (8x),56,1.9132,0.4101,1.9218,0.4151,34.5238,1.8514,56,1.15,56,1.15,100.0,0.22,1,8.32,5,3.21,38.5,0.09
s06914,12,12,Boc tach B: Pho deu (8x),56,2.6064,0.5474,2.6123,0.5563,31.8428,1.7599,56,1.09,56,1.09,100.0,0.48,2,1.02,3,0.79,23.1,0.11
s09968,19,19,Boc tach B: Pho deu (8x),56,2.6685,0.2593,2.6880,0.2649,31.4553,0.8814,56,1.70,56,1.70,100.0,0.67,3,2.93,6,1.70,60.0,0.25
s11342,"20,21,22,23",20,Boc tach B: Pho deu (8x),224,2.1569,0.6536,2.1623,0.6591,33.6499,2.4048,224,1.39,224,1.39,100.0,0.24,6,5.46,22,7.70,40.0,0.02
s17735,31,31,Boc tach B: Pho deu (8x),56,1.5703,0.1816,1.5710,0.1817,36.1333,0.9904,56,0.46,56,0.46,100.0,0.20,1,12.11,2,6.39,14.3,0.02
s24455,37,37,Boc tach B: Pho deu (8x),56,1.6577,0.4347,1.6618,0.4369,35.7800,1.6581,56,0.91,56,0.91,100.0,0.37,3,6.64,3,6.64,21.4,0.04
s29093,42,42,Boc tach B: Pho deu (8x),56,1.2709,0.1766,1.2711,0.1767,37.9970,1.1754,56,0.45,56,0.45,100.0,0.14,13,0.19,13,0.19,92.9,0.04
s29125,43,43,Boc tach B: Pho deu (8x),56,2.1156,0.4015,2.1255,0.4063,33.5987,1.5797,56,1.95,56,1.95,100.0,0.29,9,10.81,10,10.56,71.4,0.01
s29622,45,45,Boc tach B: Pho deu (8x),56,1.4382,0.2169,1.4405,0.2162,36.9272,1.3000,56,6.24,56,6.24,100.0,0.49,7,9.51,9,9.48,64.3,0.02
s30243,48,48,Boc tach B: Pho deu (8x),56,2.9416,0.7685,2.9522,0.7785,30.8171,1.8203,56,2.36,56,2.36,100.0,0.49,3,10.13,11,5.20,84.6,0.00
s04641,11,11,Boc tach C: Uu tien HR (8x),56,1.7443,0.4069,1.7523,0.4122,35.3623,2.0134,56,1.20,56,1.20,100.0,0.22,1,8.30,5,3.19,38.5,0.11
s06914,12,12,Boc tach C: Uu tien HR (8x),56,2.5451,0.5401,2.5509,0.5490,32.0557,1.7967,56,1.05,56,1.05,100.0,0.67,2,0.89,3,0.71,23.1,0.06
s09968,19,19,Boc tach C: Uu tien HR (8x),56,2.5297,0.2600,2.5482,0.2658,31.9244,0.9334,56,1.69,56,1.69,100.0,0.72,3,2.86,4,2.28,40.0,0.17
s11342,"20,21,22,23",20,Boc tach C: Uu tien HR (8x),224,1.9720,0.6513,1.9769,0.6564,34.4886,2.6095,224,1.38,224,1.38,100.0,0.25,6,5.47,24,6.11,43.6,0.03
s17735,31,31,Boc tach C: Uu tien HR (8x),56,1.3610,0.1795,1.3616,0.1796,37.3893,1.0901,56,0.46,56,0.46,100.0,0.22,1,12.09,2,6.40,14.3,0.00
s24455,37,37,Boc tach C: Uu tien HR (8x),56,1.5069,0.3645,1.5108,0.3669,36.6150,1.7635,56,0.71,56,0.71,100.0,0.28,3,6.63,4,5.01,28.6,0.04
s29093,42,42,Boc tach C: Uu tien HR (8x),56,1.1300,0.1584,1.1303,0.1585,39.0217,1.2212,56,0.49,56,0.49,100.0,0.16,13,0.18,13,0.18,92.9,0.03
s29125,43,43,Boc tach C: Uu tien HR (8x),56,1.9240,0.4442,1.9333,0.4497,34.4901,1.9024,56,1.87,56,1.87,100.0,0.32,9,10.81,10,10.56,71.4,0.02
s29622,45,45,Boc tach C: Uu tien HR (8x),56,1.1754,0.1449,1.1774,0.1448,38.6435,1.0274,56,6.20,56,6.20,100.0,0.57,7,9.49,10,8.83,71.4,0.01
s30243,48,48,Boc tach C: Uu tien HR (8x),56,2.7864,0.7663,2.7966,0.7766,31.3205,1.9708,56,2.29,56,2.29,100.0,0.43,3,10.13,9,6.73,69.2,0.01
